City,City Slug,Landing Page URL,Solar Panel Cleaning,Exterior Window Cleaning,Interior Window Cleaning,Gutter Cleaning,House Washing,Roof Washing,Pressure Washing,Paver Sealing,Light Fixture Cleaning,Screen Cleaning,Skylight Cleaning,Holiday Light Installation,High Dusting
Boca Raton,boca-raton,/boca-raton,/boca-raton/solar-panel-cleaning,/boca-raton/exterior-window-cleaning,/boca-raton/interior-window-cleaning,/boca-raton/gutter-cleaning,/boca-raton/house-washing,/boca-raton/roof-washing,/boca-raton/pressure-washing,/boca-raton/paver-sealing,/boca-raton/light-fixture-cleaning,/boca-raton/screen-cleaning,/boca-raton/skylight-cleaning,/boca-raton/holiday-light-installation,/boca-raton/high-dusting
Coconut Creek,coconut-creek,/coconut-creek,/coconut-creek/solar-panel-cleaning,/coconut-creek/exterior-window-cleaning,/coconut-creek/interior-window-cleaning,/coconut-creek/gutter-cleaning,/coconut-creek/house-washing,/coconut-creek/roof-washing,/coconut-creek/pressure-washing,/coconut-creek/paver-sealing,/coconut-creek/light-fixture-cleaning,/coconut-creek/screen-cleaning,/coconut-creek/skylight-cleaning,/coconut-creek/holiday-light-installation,/coconut-creek/high-dusting
Cooper City,cooper-city,/cooper-city,/cooper-city/solar-panel-cleaning,/cooper-city/exterior-window-cleaning,/cooper-city/interior-window-cleaning,/cooper-city/gutter-cleaning,/cooper-city/house-washing,/cooper-city/roof-washing,/cooper-city/pressure-washing,/cooper-city/paver-sealing,/cooper-city/light-fixture-cleaning,/cooper-city/screen-cleaning,/cooper-city/skylight-cleaning,/cooper-city/holiday-light-installation,/cooper-city/high-dusting
Coral Springs,coral-springs,/coral-springs,/coral-springs/solar-panel-cleaning,/coral-springs/exterior-window-cleaning,/coral-springs/interior-window-cleaning,/coral-springs/gutter-cleaning,/coral-springs/house-washing,/coral-springs/roof-washing,/coral-springs/pressure-washing,/coral-springs/paver-sealing,/coral-springs/light-fixture-cleaning,/coral-springs/screen-cleaning,/coral-springs/skylight-cleaning,/coral-springs/holiday-light-installation,/coral-springs/high-dusting
Davie,davie,/davie,/davie/solar-panel-cleaning,/davie/exterior-window-cleaning,/davie/interior-window-cleaning,/davie/gutter-cleaning,/davie/house-washing,/davie/roof-washing,/davie/pressure-washing,/davie/paver-sealing,/davie/light-fixture-cleaning,/davie/screen-cleaning,/davie/skylight-cleaning,/davie/holiday-light-installation,/davie/high-dusting
Deerfield Beach,deerfield-beach,/deerfield-beach,/deerfield-beach/solar-panel-cleaning,/deerfield-beach/exterior-window-cleaning,/deerfield-beach/interior-window-cleaning,/deerfield-beach/gutter-cleaning,/deerfield-beach/house-washing,/deerfield-beach/roof-washing,/deerfield-beach/pressure-washing,/deerfield-beach/paver-sealing,/deerfield-beach/light-fixture-cleaning,/deerfield-beach/screen-cleaning,/deerfield-beach/skylight-cleaning,/deerfield-beach/holiday-light-installation,/deerfield-beach/high-dusting
Delray Beach,delray-beach,/delray-beach,/delray-beach/solar-panel-cleaning,/delray-beach/exterior-window-cleaning,/delray-beach/interior-window-cleaning,/delray-beach/gutter-cleaning,/delray-beach/house-washing,/delray-beach/roof-washing,/delray-beach/pressure-washing,/delray-beach/paver-sealing,/delray-beach/light-fixture-cleaning,/delray-beach/screen-cleaning,/delray-beach/skylight-cleaning,/delray-beach/holiday-light-installation,/delray-beach/high-dusting
Fort Lauderdale,fort-lauderdale,/fort-lauderdale,/fort-lauderdale/solar-panel-cleaning,/fort-lauderdale/exterior-window-cleaning,/fort-lauderdale/interior-window-cleaning,/fort-lauderdale/gutter-cleaning,/fort-lauderdale/house-washing,/fort-lauderdale/roof-washing,/fort-lauderdale/pressure-washing,/fort-lauderdale/paver-sealing,/fort-lauderdale/light-fixture-cleaning,/fort-lauderdale/screen-cleaning,/fort-lauderdale/skylight-cleaning,/fort-lauderdale/holiday-light-installation,/fort-lauderdale/high-dusting
Hallandale Beach,hallandale-beach,/hallandale-beach,/hallandale-beach/solar-panel-cleaning,/hallandale-beach/exterior-window-cleaning,/hallandale-beach/interior-window-cleaning,/hallandale-beach/gutter-cleaning,/hallandale-beach/house-washing,/hallandale-beach/roof-washing,/hallandale-beach/pressure-washing,/hallandale-beach/paver-sealing,/hallandale-beach/light-fixture-cleaning,/hallandale-beach/screen-cleaning,/hallandale-beach/skylight-cleaning,/hallandale-beach/holiday-light-installation,/hallandale-beach/high-dusting
Hillsboro Beach,hillsboro-beach,/hillsboro-beach,/hillsboro-beach/solar-panel-cleaning,/hillsboro-beach/exterior-window-cleaning,/hillsboro-beach/interior-window-cleaning,/hillsboro-beach/gutter-cleaning,/hillsboro-beach/house-washing,/hillsboro-beach/roof-washing,/hillsboro-beach/pressure-washing,/hillsboro-beach/paver-sealing,/hillsboro-beach/light-fixture-cleaning,/hillsboro-beach/screen-cleaning,/hillsboro-beach/skylight-cleaning,/hillsboro-beach/holiday-light-installation,/hillsboro-beach/high-dusting
Hollywood,hollywood,/hollywood,/hollywood/solar-panel-cleaning,/hollywood/exterior-window-cleaning,/hollywood/interior-window-cleaning,/hollywood/gutter-cleaning,/hollywood/house-washing,/hollywood/roof-washing,/hollywood/pressure-washing,/hollywood/paver-sealing,/hollywood/light-fixture-cleaning,/hollywood/screen-cleaning,/hollywood/skylight-cleaning,/hollywood/holiday-light-installation,/hollywood/high-dusting
Lauderdale-By-The-Sea,lauderdale-by-the-sea,/lauderdale-by-the-sea,/lauderdale-by-the-sea/solar-panel-cleaning,/lauderdale-by-the-sea/exterior-window-cleaning,/lauderdale-by-the-sea/interior-window-cleaning,/lauderdale-by-the-sea/gutter-cleaning,/lauderdale-by-the-sea/house-washing,/lauderdale-by-the-sea/roof-washing,/lauderdale-by-the-sea/pressure-washing,/lauderdale-by-the-sea/paver-sealing,/lauderdale-by-the-sea/light-fixture-cleaning,/lauderdale-by-the-sea/screen-cleaning,/lauderdale-by-the-sea/skylight-cleaning,/lauderdale-by-the-sea/holiday-light-installation,/lauderdale-by-the-sea/high-dusting
Lighthouse Point,lighthouse-point,/lighthouse-point,/lighthouse-point/solar-panel-cleaning,/lighthouse-point/exterior-window-cleaning,/lighthouse-point/interior-window-cleaning,/lighthouse-point/gutter-cleaning,/lighthouse-point/house-washing,/lighthouse-point/roof-washing,/lighthouse-point/pressure-washing,/lighthouse-point/paver-sealing,/lighthouse-point/light-fixture-cleaning,/lighthouse-point/screen-cleaning,/lighthouse-point/skylight-cleaning,/lighthouse-point/holiday-light-installation,/lighthouse-point/high-dusting
Margate,margate,/margate,/margate/solar-panel-cleaning,/margate/exterior-window-cleaning,/margate/interior-window-cleaning,/margate/gutter-cleaning,/margate/house-washing,/margate/roof-washing,/margate/pressure-washing,/margate/paver-sealing,/margate/light-fixture-cleaning,/margate/screen-cleaning,/margate/skylight-cleaning,/margate/holiday-light-installation,/margate/high-dusting
Miramar,miramar,/miramar,/miramar/solar-panel-cleaning,/miramar/exterior-window-cleaning,/miramar/interior-window-cleaning,/miramar/gutter-cleaning,/miramar/house-washing,/miramar/roof-washing,/miramar/pressure-washing,/miramar/paver-sealing,/miramar/light-fixture-cleaning,/miramar/screen-cleaning,/miramar/skylight-cleaning,/miramar/holiday-light-installation,/miramar/high-dusting
Oakland Park,oakland-park,/oakland-park,/oakland-park/solar-panel-cleaning,/oakland-park/exterior-window-cleaning,/oakland-park/interior-window-cleaning,/oakland-park/gutter-cleaning,/oakland-park/house-washing,/oakland-park/roof-washing,/oakland-park/pressure-washing,/oakland-park/paver-sealing,/oakland-park/light-fixture-cleaning,/oakland-park/screen-cleaning,/oakland-park/skylight-cleaning,/oakland-park/holiday-light-installation,/oakland-park/high-dusting
Parkland,parkland,/parkland,/parkland/solar-panel-cleaning,/parkland/exterior-window-cleaning,/parkland/interior-window-cleaning,/parkland/gutter-cleaning,/parkland/house-washing,/parkland/roof-washing,/parkland/pressure-washing,/parkland/paver-sealing,/parkland/light-fixture-cleaning,/parkland/screen-cleaning,/parkland/skylight-cleaning,/parkland/holiday-light-installation,/parkland/high-dusting
Pembroke Pines,pembroke-pines,/pembroke-pines,/pembroke-pines/solar-panel-cleaning,/pembroke-pines/exterior-window-cleaning,/pembroke-pines/interior-window-cleaning,/pembroke-pines/gutter-cleaning,/pembroke-pines/house-washing,/pembroke-pines/roof-washing,/pembroke-pines/pressure-washing,/pembroke-pines/paver-sealing,/pembroke-pines/light-fixture-cleaning,/pembroke-pines/screen-cleaning,/pembroke-pines/skylight-cleaning,/pembroke-pines/holiday-light-installation,/pembroke-pines/high-dusting
Plantation,plantation,/plantation,/plantation/solar-panel-cleaning,/plantation/exterior-window-cleaning,/plantation/interior-window-cleaning,/plantation/gutter-cleaning,/plantation/house-washing,/plantation/roof-washing,/plantation/pressure-washing,/plantation/paver-sealing,/plantation/light-fixture-cleaning,/plantation/screen-cleaning,/plantation/skylight-cleaning,/plantation/holiday-light-installation,/plantation/high-dusting
Pompano Beach,pompano-beach,/pompano-beach,/pompano-beach/solar-panel-cleaning,/pompano-beach/exterior-window-cleaning,/pompano-beach/interior-window-cleaning,/pompano-beach/gutter-cleaning,/pompano-beach/house-washing,/pompano-beach/roof-washing,/pompano-beach/pressure-washing,/pompano-beach/paver-sealing,/pompano-beach/light-fixture-cleaning,/pompano-beach/screen-cleaning,/pompano-beach/skylight-cleaning,/pompano-beach/holiday-light-installation,/pompano-beach/high-dusting
Royal Palm Beach,royal-palm-beach,/royal-palm-beach,/royal-palm-beach/solar-panel-cleaning,/royal-palm-beach/exterior-window-cleaning,/royal-palm-beach/interior-window-cleaning,/royal-palm-beach/gutter-cleaning,/royal-palm-beach/house-washing,/royal-palm-beach/roof-washing,/royal-palm-beach/pressure-washing,/royal-palm-beach/paver-sealing,/royal-palm-beach/light-fixture-cleaning,/royal-palm-beach/screen-cleaning,/royal-palm-beach/skylight-cleaning,/royal-palm-beach/holiday-light-installation,/royal-palm-beach/high-dusting
South Florida,south-florida,/south-florida,/south-florida/solar-panel-cleaning,/south-florida/exterior-window-cleaning,/south-florida/interior-window-cleaning,/south-florida/gutter-cleaning,/south-florida/house-washing,/south-florida/roof-washing,/south-florida/pressure-washing,/south-florida/paver-sealing,/south-florida/light-fixture-cleaning,/south-florida/screen-cleaning,/south-florida/skylight-cleaning,/south-florida/holiday-light-installation,/south-florida/high-dusting
Southwest Ranches,southwest-ranches,/southwest-ranches,/southwest-ranches/solar-panel-cleaning,/southwest-ranches/exterior-window-cleaning,/southwest-ranches/interior-window-cleaning,/southwest-ranches/gutter-cleaning,/southwest-ranches/house-washing,/southwest-ranches/roof-washing,/southwest-ranches/pressure-washing,/southwest-ranches/paver-sealing,/southwest-ranches/light-fixture-cleaning,/southwest-ranches/screen-cleaning,/southwest-ranches/skylight-cleaning,/southwest-ranches/holiday-light-installation,/southwest-ranches/high-dusting
Sunrise,sunrise,/sunrise,/sunrise/solar-panel-cleaning,/sunrise/exterior-window-cleaning,/sunrise/interior-window-cleaning,/sunrise/gutter-cleaning,/sunrise/house-washing,/sunrise/roof-washing,/sunrise/pressure-washing,/sunrise/paver-sealing,/sunrise/light-fixture-cleaning,/sunrise/screen-cleaning,/sunrise/skylight-cleaning,/sunrise/holiday-light-installation,/sunrise/high-dusting
Tamarac,tamarac,/tamarac,/tamarac/solar-panel-cleaning,/tamarac/exterior-window-cleaning,/tamarac/interior-window-cleaning,/tamarac/gutter-cleaning,/tamarac/house-washing,/tamarac/roof-washing,/tamarac/pressure-washing,/tamarac/paver-sealing,/tamarac/light-fixture-cleaning,/tamarac/screen-cleaning,/tamarac/skylight-cleaning,/tamarac/holiday-light-installation,/tamarac/high-dusting
West Park,west-park,/west-park,/west-park/solar-panel-cleaning,/west-park/exterior-window-cleaning,/west-park/interior-window-cleaning,/west-park/gutter-cleaning,/west-park/house-washing,/west-park/roof-washing,/west-park/pressure-washing,/west-park/paver-sealing,/west-park/light-fixture-cleaning,/west-park/screen-cleaning,/west-park/skylight-cleaning,/west-park/holiday-light-installation,/west-park/high-dusting
Weston,weston,/weston,/weston/solar-panel-cleaning,/weston/exterior-window-cleaning,/weston/interior-window-cleaning,/weston/gutter-cleaning,/weston/house-washing,/weston/roof-washing,/weston/pressure-washing,/weston/paver-sealing,/weston/light-fixture-cleaning,/weston/screen-cleaning,/weston/skylight-cleaning,/weston/holiday-light-installation,/weston/high-dusting