Hub,City,City Page URL,Phone,Service URLs
Fort Lauderdale,Fort Lauderdale,https://godlywindows.com/fort-lauderdale,(954) 852-5326,"https://godlywindows.com/fort-lauderdale/solar-panel-cleaning; https://godlywindows.com/fort-lauderdale/exterior-window-cleaning; https://godlywindows.com/fort-lauderdale/interior-window-cleaning; https://godlywindows.com/fort-lauderdale/gutter-cleaning; https://godlywindows.com/fort-lauderdale/house-washing; https://godlywindows.com/fort-lauderdale/roof-washing; https://godlywindows.com/fort-lauderdale/pressure-washing; https://godlywindows.com/fort-lauderdale/paver-sealing; https://godlywindows.com/fort-lauderdale/light-fixture-cleaning; https://godlywindows.com/fort-lauderdale/screen-cleaning; https://godlywindows.com/fort-lauderdale/window-cleaning; https://godlywindows.com/fort-lauderdale/soft-washing; https://godlywindows.com/fort-lauderdale/holiday-lighting"
Fort Lauderdale,Coral Springs,https://godlywindows.com/coral-springs,(954) 852-5326,"https://godlywindows.com/coral-springs/solar-panel-cleaning; https://godlywindows.com/coral-springs/exterior-window-cleaning; https://godlywindows.com/coral-springs/interior-window-cleaning; https://godlywindows.com/coral-springs/gutter-cleaning; https://godlywindows.com/coral-springs/house-washing; https://godlywindows.com/coral-springs/roof-washing; https://godlywindows.com/coral-springs/pressure-washing; https://godlywindows.com/coral-springs/paver-sealing; https://godlywindows.com/coral-springs/light-fixture-cleaning; https://godlywindows.com/coral-springs/screen-cleaning; https://godlywindows.com/coral-springs/window-cleaning; https://godlywindows.com/coral-springs/soft-washing; https://godlywindows.com/coral-springs/holiday-lighting"
Fort Lauderdale,Davie,https://godlywindows.com/davie,(954) 738-3421,"https://godlywindows.com/davie/solar-panel-cleaning; https://godlywindows.com/davie/exterior-window-cleaning; https://godlywindows.com/davie/interior-window-cleaning; https://godlywindows.com/davie/gutter-cleaning; https://godlywindows.com/davie/house-washing; https://godlywindows.com/davie/roof-washing; https://godlywindows.com/davie/pressure-washing; https://godlywindows.com/davie/paver-sealing; https://godlywindows.com/davie/light-fixture-cleaning; https://godlywindows.com/davie/screen-cleaning; https://godlywindows.com/davie/window-cleaning; https://godlywindows.com/davie/soft-washing; https://godlywindows.com/davie/holiday-lighting"
Fort Lauderdale,Deerfield Beach,https://godlywindows.com/deerfield-beach,(954) 852-5326,"https://godlywindows.com/deerfield-beach/solar-panel-cleaning; https://godlywindows.com/deerfield-beach/exterior-window-cleaning; https://godlywindows.com/deerfield-beach/interior-window-cleaning; https://godlywindows.com/deerfield-beach/gutter-cleaning; https://godlywindows.com/deerfield-beach/house-washing; https://godlywindows.com/deerfield-beach/roof-washing; https://godlywindows.com/deerfield-beach/pressure-washing; https://godlywindows.com/deerfield-beach/paver-sealing; https://godlywindows.com/deerfield-beach/light-fixture-cleaning; https://godlywindows.com/deerfield-beach/screen-cleaning; https://godlywindows.com/deerfield-beach/window-cleaning; https://godlywindows.com/deerfield-beach/soft-washing; https://godlywindows.com/deerfield-beach/holiday-lighting"
Fort Lauderdale,Hallandale Beach,https://godlywindows.com/hallandale-beach,(954) 852-5326,"https://godlywindows.com/hallandale-beach/solar-panel-cleaning; https://godlywindows.com/hallandale-beach/exterior-window-cleaning; https://godlywindows.com/hallandale-beach/interior-window-cleaning; https://godlywindows.com/hallandale-beach/gutter-cleaning; https://godlywindows.com/hallandale-beach/house-washing; https://godlywindows.com/hallandale-beach/roof-washing; https://godlywindows.com/hallandale-beach/pressure-washing; https://godlywindows.com/hallandale-beach/paver-sealing; https://godlywindows.com/hallandale-beach/light-fixture-cleaning; https://godlywindows.com/hallandale-beach/screen-cleaning; https://godlywindows.com/hallandale-beach/window-cleaning; https://godlywindows.com/hallandale-beach/soft-washing; https://godlywindows.com/hallandale-beach/holiday-lighting"
Fort Lauderdale,Hillsboro Beach,https://godlywindows.com/hillsboro-beach,(954) 852-5326,"https://godlywindows.com/hillsboro-beach/solar-panel-cleaning; https://godlywindows.com/hillsboro-beach/exterior-window-cleaning; https://godlywindows.com/hillsboro-beach/interior-window-cleaning; https://godlywindows.com/hillsboro-beach/gutter-cleaning; https://godlywindows.com/hillsboro-beach/house-washing; https://godlywindows.com/hillsboro-beach/roof-washing; https://godlywindows.com/hillsboro-beach/pressure-washing; https://godlywindows.com/hillsboro-beach/paver-sealing; https://godlywindows.com/hillsboro-beach/light-fixture-cleaning; https://godlywindows.com/hillsboro-beach/screen-cleaning; https://godlywindows.com/hillsboro-beach/window-cleaning; https://godlywindows.com/hillsboro-beach/soft-washing; https://godlywindows.com/hillsboro-beach/holiday-lighting"
Fort Lauderdale,Hollywood,https://godlywindows.com/hollywood,(954) 852-5326,"https://godlywindows.com/hollywood/solar-panel-cleaning; https://godlywindows.com/hollywood/exterior-window-cleaning; https://godlywindows.com/hollywood/interior-window-cleaning; https://godlywindows.com/hollywood/gutter-cleaning; https://godlywindows.com/hollywood/house-washing; https://godlywindows.com/hollywood/roof-washing; https://godlywindows.com/hollywood/pressure-washing; https://godlywindows.com/hollywood/paver-sealing; https://godlywindows.com/hollywood/light-fixture-cleaning; https://godlywindows.com/hollywood/screen-cleaning; https://godlywindows.com/hollywood/window-cleaning; https://godlywindows.com/hollywood/soft-washing; https://godlywindows.com/hollywood/holiday-lighting"
Fort Lauderdale,Lauderdale-by-the-Sea,https://godlywindows.com/lauderdale-by-the-sea,(954) 852-5326,"https://godlywindows.com/lauderdale-by-the-sea/solar-panel-cleaning; https://godlywindows.com/lauderdale-by-the-sea/exterior-window-cleaning; https://godlywindows.com/lauderdale-by-the-sea/interior-window-cleaning; https://godlywindows.com/lauderdale-by-the-sea/gutter-cleaning; https://godlywindows.com/lauderdale-by-the-sea/house-washing; https://godlywindows.com/lauderdale-by-the-sea/roof-washing; https://godlywindows.com/lauderdale-by-the-sea/pressure-washing; https://godlywindows.com/lauderdale-by-the-sea/paver-sealing; https://godlywindows.com/lauderdale-by-the-sea/light-fixture-cleaning; https://godlywindows.com/lauderdale-by-the-sea/screen-cleaning; https://godlywindows.com/lauderdale-by-the-sea/window-cleaning; https://godlywindows.com/lauderdale-by-the-sea/soft-washing; https://godlywindows.com/lauderdale-by-the-sea/holiday-lighting"
Fort Lauderdale,Lighthouse Point,https://godlywindows.com/lighthouse-point,(954) 852-5326,"https://godlywindows.com/lighthouse-point/solar-panel-cleaning; https://godlywindows.com/lighthouse-point/exterior-window-cleaning; https://godlywindows.com/lighthouse-point/interior-window-cleaning; https://godlywindows.com/lighthouse-point/gutter-cleaning; https://godlywindows.com/lighthouse-point/house-washing; https://godlywindows.com/lighthouse-point/roof-washing; https://godlywindows.com/lighthouse-point/pressure-washing; https://godlywindows.com/lighthouse-point/paver-sealing; https://godlywindows.com/lighthouse-point/light-fixture-cleaning; https://godlywindows.com/lighthouse-point/screen-cleaning; https://godlywindows.com/lighthouse-point/window-cleaning; https://godlywindows.com/lighthouse-point/soft-washing; https://godlywindows.com/lighthouse-point/holiday-lighting"
Fort Lauderdale,Margate,https://godlywindows.com/margate,(954) 852-5326,"https://godlywindows.com/margate/solar-panel-cleaning; https://godlywindows.com/margate/exterior-window-cleaning; https://godlywindows.com/margate/interior-window-cleaning; https://godlywindows.com/margate/gutter-cleaning; https://godlywindows.com/margate/house-washing; https://godlywindows.com/margate/roof-washing; https://godlywindows.com/margate/pressure-washing; https://godlywindows.com/margate/paver-sealing; https://godlywindows.com/margate/light-fixture-cleaning; https://godlywindows.com/margate/screen-cleaning; https://godlywindows.com/margate/window-cleaning; https://godlywindows.com/margate/soft-washing; https://godlywindows.com/margate/holiday-lighting"
Fort Lauderdale,Oakland Park,https://godlywindows.com/oakland-park,(954) 852-5326,"https://godlywindows.com/oakland-park/solar-panel-cleaning; https://godlywindows.com/oakland-park/exterior-window-cleaning; https://godlywindows.com/oakland-park/interior-window-cleaning; https://godlywindows.com/oakland-park/gutter-cleaning; https://godlywindows.com/oakland-park/house-washing; https://godlywindows.com/oakland-park/roof-washing; https://godlywindows.com/oakland-park/pressure-washing; https://godlywindows.com/oakland-park/paver-sealing; https://godlywindows.com/oakland-park/light-fixture-cleaning; https://godlywindows.com/oakland-park/screen-cleaning; https://godlywindows.com/oakland-park/window-cleaning; https://godlywindows.com/oakland-park/soft-washing; https://godlywindows.com/oakland-park/holiday-lighting"
Fort Lauderdale,Plantation,https://godlywindows.com/plantation,(954) 738-3421,"https://godlywindows.com/plantation/solar-panel-cleaning; https://godlywindows.com/plantation/exterior-window-cleaning; https://godlywindows.com/plantation/interior-window-cleaning; https://godlywindows.com/plantation/gutter-cleaning; https://godlywindows.com/plantation/house-washing; https://godlywindows.com/plantation/roof-washing; https://godlywindows.com/plantation/pressure-washing; https://godlywindows.com/plantation/paver-sealing; https://godlywindows.com/plantation/light-fixture-cleaning; https://godlywindows.com/plantation/screen-cleaning; https://godlywindows.com/plantation/window-cleaning; https://godlywindows.com/plantation/soft-washing; https://godlywindows.com/plantation/holiday-lighting"
Fort Lauderdale,Pompano Beach,https://godlywindows.com/pompano-beach,(954) 852-5326,"https://godlywindows.com/pompano-beach/solar-panel-cleaning; https://godlywindows.com/pompano-beach/exterior-window-cleaning; https://godlywindows.com/pompano-beach/interior-window-cleaning; https://godlywindows.com/pompano-beach/gutter-cleaning; https://godlywindows.com/pompano-beach/house-washing; https://godlywindows.com/pompano-beach/roof-washing; https://godlywindows.com/pompano-beach/pressure-washing; https://godlywindows.com/pompano-beach/paver-sealing; https://godlywindows.com/pompano-beach/light-fixture-cleaning; https://godlywindows.com/pompano-beach/screen-cleaning; https://godlywindows.com/pompano-beach/window-cleaning; https://godlywindows.com/pompano-beach/soft-washing; https://godlywindows.com/pompano-beach/holiday-lighting"
Fort Lauderdale,Sunrise,https://godlywindows.com/sunrise,(954) 852-5326,"https://godlywindows.com/sunrise/solar-panel-cleaning; https://godlywindows.com/sunrise/exterior-window-cleaning; https://godlywindows.com/sunrise/interior-window-cleaning; https://godlywindows.com/sunrise/gutter-cleaning; https://godlywindows.com/sunrise/house-washing; https://godlywindows.com/sunrise/roof-washing; https://godlywindows.com/sunrise/pressure-washing; https://godlywindows.com/sunrise/paver-sealing; https://godlywindows.com/sunrise/light-fixture-cleaning; https://godlywindows.com/sunrise/screen-cleaning; https://godlywindows.com/sunrise/window-cleaning; https://godlywindows.com/sunrise/soft-washing; https://godlywindows.com/sunrise/holiday-lighting"
Fort Lauderdale,Tamarac,https://godlywindows.com/tamarac,(954) 852-5326,"https://godlywindows.com/tamarac/solar-panel-cleaning; https://godlywindows.com/tamarac/exterior-window-cleaning; https://godlywindows.com/tamarac/interior-window-cleaning; https://godlywindows.com/tamarac/gutter-cleaning; https://godlywindows.com/tamarac/house-washing; https://godlywindows.com/tamarac/roof-washing; https://godlywindows.com/tamarac/pressure-washing; https://godlywindows.com/tamarac/paver-sealing; https://godlywindows.com/tamarac/light-fixture-cleaning; https://godlywindows.com/tamarac/screen-cleaning; https://godlywindows.com/tamarac/window-cleaning; https://godlywindows.com/tamarac/soft-washing; https://godlywindows.com/tamarac/holiday-lighting"
Fort Lauderdale,Coconut Creek,https://godlywindows.com/coconut-creek,(954) 852-5326,"https://godlywindows.com/coconut-creek/solar-panel-cleaning; https://godlywindows.com/coconut-creek/exterior-window-cleaning; https://godlywindows.com/coconut-creek/interior-window-cleaning; https://godlywindows.com/coconut-creek/gutter-cleaning; https://godlywindows.com/coconut-creek/house-washing; https://godlywindows.com/coconut-creek/roof-washing; https://godlywindows.com/coconut-creek/pressure-washing; https://godlywindows.com/coconut-creek/paver-sealing; https://godlywindows.com/coconut-creek/light-fixture-cleaning; https://godlywindows.com/coconut-creek/screen-cleaning; https://godlywindows.com/coconut-creek/window-cleaning; https://godlywindows.com/coconut-creek/soft-washing; https://godlywindows.com/coconut-creek/holiday-lighting"
Weston,Weston,https://godlywindows.com/weston,(954) 738-3421,"https://godlywindows.com/weston/solar-panel-cleaning; https://godlywindows.com/weston/exterior-window-cleaning; https://godlywindows.com/weston/interior-window-cleaning; https://godlywindows.com/weston/gutter-cleaning; https://godlywindows.com/weston/house-washing; https://godlywindows.com/weston/roof-washing; https://godlywindows.com/weston/pressure-washing; https://godlywindows.com/weston/paver-sealing; https://godlywindows.com/weston/light-fixture-cleaning; https://godlywindows.com/weston/screen-cleaning; https://godlywindows.com/weston/window-cleaning; https://godlywindows.com/weston/soft-washing; https://godlywindows.com/weston/holiday-lighting"
Weston,Miramar,https://godlywindows.com/miramar,(954) 738-3421,"https://godlywindows.com/miramar/solar-panel-cleaning; https://godlywindows.com/miramar/exterior-window-cleaning; https://godlywindows.com/miramar/interior-window-cleaning; https://godlywindows.com/miramar/gutter-cleaning; https://godlywindows.com/miramar/house-washing; https://godlywindows.com/miramar/roof-washing; https://godlywindows.com/miramar/pressure-washing; https://godlywindows.com/miramar/paver-sealing; https://godlywindows.com/miramar/light-fixture-cleaning; https://godlywindows.com/miramar/screen-cleaning; https://godlywindows.com/miramar/window-cleaning; https://godlywindows.com/miramar/soft-washing; https://godlywindows.com/miramar/holiday-lighting"
Weston,Pembroke Pines,https://godlywindows.com/pembroke-pines,(954) 738-3421,"https://godlywindows.com/pembroke-pines/solar-panel-cleaning; https://godlywindows.com/pembroke-pines/exterior-window-cleaning; https://godlywindows.com/pembroke-pines/interior-window-cleaning; https://godlywindows.com/pembroke-pines/gutter-cleaning; https://godlywindows.com/pembroke-pines/house-washing; https://godlywindows.com/pembroke-pines/roof-washing; https://godlywindows.com/pembroke-pines/pressure-washing; https://godlywindows.com/pembroke-pines/paver-sealing; https://godlywindows.com/pembroke-pines/light-fixture-cleaning; https://godlywindows.com/pembroke-pines/screen-cleaning; https://godlywindows.com/pembroke-pines/window-cleaning; https://godlywindows.com/pembroke-pines/soft-washing; https://godlywindows.com/pembroke-pines/holiday-lighting"
Weston,Southwest Ranches,https://godlywindows.com/southwest-ranches,(954) 738-3421,"https://godlywindows.com/southwest-ranches/solar-panel-cleaning; https://godlywindows.com/southwest-ranches/exterior-window-cleaning; https://godlywindows.com/southwest-ranches/interior-window-cleaning; https://godlywindows.com/southwest-ranches/gutter-cleaning; https://godlywindows.com/southwest-ranches/house-washing; https://godlywindows.com/southwest-ranches/roof-washing; https://godlywindows.com/southwest-ranches/pressure-washing; https://godlywindows.com/southwest-ranches/paver-sealing; https://godlywindows.com/southwest-ranches/light-fixture-cleaning; https://godlywindows.com/southwest-ranches/screen-cleaning; https://godlywindows.com/southwest-ranches/window-cleaning; https://godlywindows.com/southwest-ranches/soft-washing; https://godlywindows.com/southwest-ranches/holiday-lighting"
Weston,Cooper City,https://godlywindows.com/cooper-city,(954) 738-3421,"https://godlywindows.com/cooper-city/solar-panel-cleaning; https://godlywindows.com/cooper-city/exterior-window-cleaning; https://godlywindows.com/cooper-city/interior-window-cleaning; https://godlywindows.com/cooper-city/gutter-cleaning; https://godlywindows.com/cooper-city/house-washing; https://godlywindows.com/cooper-city/roof-washing; https://godlywindows.com/cooper-city/pressure-washing; https://godlywindows.com/cooper-city/paver-sealing; https://godlywindows.com/cooper-city/light-fixture-cleaning; https://godlywindows.com/cooper-city/screen-cleaning; https://godlywindows.com/cooper-city/window-cleaning; https://godlywindows.com/cooper-city/soft-washing; https://godlywindows.com/cooper-city/holiday-lighting"
Weston,West Park,https://godlywindows.com/west-park,(954) 738-3421,"https://godlywindows.com/west-park/solar-panel-cleaning; https://godlywindows.com/west-park/exterior-window-cleaning; https://godlywindows.com/west-park/interior-window-cleaning; https://godlywindows.com/west-park/gutter-cleaning; https://godlywindows.com/west-park/house-washing; https://godlywindows.com/west-park/roof-washing; https://godlywindows.com/west-park/pressure-washing; https://godlywindows.com/west-park/paver-sealing; https://godlywindows.com/west-park/light-fixture-cleaning; https://godlywindows.com/west-park/screen-cleaning; https://godlywindows.com/west-park/window-cleaning; https://godlywindows.com/west-park/soft-washing; https://godlywindows.com/west-park/holiday-lighting"
Boca Raton,Boca Raton,https://godlywindows.com/boca-raton,(561) 826-4461,"https://godlywindows.com/boca-raton/solar-panel-cleaning; https://godlywindows.com/boca-raton/exterior-window-cleaning; https://godlywindows.com/boca-raton/interior-window-cleaning; https://godlywindows.com/boca-raton/gutter-cleaning; https://godlywindows.com/boca-raton/house-washing; https://godlywindows.com/boca-raton/roof-washing; https://godlywindows.com/boca-raton/pressure-washing; https://godlywindows.com/boca-raton/paver-sealing; https://godlywindows.com/boca-raton/light-fixture-cleaning; https://godlywindows.com/boca-raton/screen-cleaning; https://godlywindows.com/boca-raton/window-cleaning; https://godlywindows.com/boca-raton/soft-washing; https://godlywindows.com/boca-raton/holiday-lighting"
Boca Raton,Parkland,https://godlywindows.com/parkland,(954) 852-5326,"https://godlywindows.com/parkland/solar-panel-cleaning; https://godlywindows.com/parkland/exterior-window-cleaning; https://godlywindows.com/parkland/interior-window-cleaning; https://godlywindows.com/parkland/gutter-cleaning; https://godlywindows.com/parkland/house-washing; https://godlywindows.com/parkland/roof-washing; https://godlywindows.com/parkland/pressure-washing; https://godlywindows.com/parkland/paver-sealing; https://godlywindows.com/parkland/light-fixture-cleaning; https://godlywindows.com/parkland/screen-cleaning; https://godlywindows.com/parkland/window-cleaning; https://godlywindows.com/parkland/soft-washing; https://godlywindows.com/parkland/holiday-lighting"
Boca Raton,Delray Beach,https://godlywindows.com/delray-beach,(561) 826-4461,"https://godlywindows.com/delray-beach/solar-panel-cleaning; https://godlywindows.com/delray-beach/exterior-window-cleaning; https://godlywindows.com/delray-beach/interior-window-cleaning; https://godlywindows.com/delray-beach/gutter-cleaning; https://godlywindows.com/delray-beach/house-washing; https://godlywindows.com/delray-beach/roof-washing; https://godlywindows.com/delray-beach/pressure-washing; https://godlywindows.com/delray-beach/paver-sealing; https://godlywindows.com/delray-beach/light-fixture-cleaning; https://godlywindows.com/delray-beach/screen-cleaning; https://godlywindows.com/delray-beach/window-cleaning; https://godlywindows.com/delray-beach/soft-washing; https://godlywindows.com/delray-beach/holiday-lighting"
Boca Raton,Royal Palm Beach,https://godlywindows.com/royal-palm-beach,(561) 826-4461,"https://godlywindows.com/royal-palm-beach/solar-panel-cleaning; https://godlywindows.com/royal-palm-beach/exterior-window-cleaning; https://godlywindows.com/royal-palm-beach/interior-window-cleaning; https://godlywindows.com/royal-palm-beach/gutter-cleaning; https://godlywindows.com/royal-palm-beach/house-washing; https://godlywindows.com/royal-palm-beach/roof-washing; https://godlywindows.com/royal-palm-beach/pressure-washing; https://godlywindows.com/royal-palm-beach/paver-sealing; https://godlywindows.com/royal-palm-beach/light-fixture-cleaning; https://godlywindows.com/royal-palm-beach/screen-cleaning; https://godlywindows.com/royal-palm-beach/window-cleaning; https://godlywindows.com/royal-palm-beach/soft-washing; https://godlywindows.com/royal-palm-beach/holiday-lighting"
