City,Service,URL
Fort Lauderdale,Exterior Window Cleaning,https://godlywindows.com/landing/exterior-window-cleaning/fort-lauderdale
Fort Lauderdale,Interior Window Cleaning,https://godlywindows.com/landing/interior-window-cleaning/fort-lauderdale
Fort Lauderdale,Gutter Cleaning,https://godlywindows.com/landing/gutter-cleaning/fort-lauderdale
Fort Lauderdale,House Washing,https://godlywindows.com/landing/house-washing/fort-lauderdale
Fort Lauderdale,Roof Washing,https://godlywindows.com/landing/roof-washing/fort-lauderdale
Fort Lauderdale,Pressure Washing,https://godlywindows.com/landing/pressure-washing/fort-lauderdale
Fort Lauderdale,High Dusting,https://godlywindows.com/landing/high-dusting/fort-lauderdale
Fort Lauderdale,Light Fixture Cleaning,https://godlywindows.com/landing/light-fixture-cleaning/fort-lauderdale
Fort Lauderdale,Screen Cleaning,https://godlywindows.com/landing/screen-cleaning/fort-lauderdale
Fort Lauderdale,Skylight Cleaning,https://godlywindows.com/landing/skylight-cleaning/fort-lauderdale
Fort Lauderdale,Solar Panel Cleaning,https://godlywindows.com/landing/solar-panel-cleaning/fort-lauderdale
Fort Lauderdale,Paver Sealing,https://godlywindows.com/landing/paver-sealing/fort-lauderdale
Boca Raton,Exterior Window Cleaning,https://godlywindows.com/landing/exterior-window-cleaning/boca-raton
Boca Raton,Interior Window Cleaning,https://godlywindows.com/landing/interior-window-cleaning/boca-raton
Boca Raton,Gutter Cleaning,https://godlywindows.com/landing/gutter-cleaning/boca-raton
Boca Raton,House Washing,https://godlywindows.com/landing/house-washing/boca-raton
Boca Raton,Roof Washing,https://godlywindows.com/landing/roof-washing/boca-raton
Boca Raton,Pressure Washing,https://godlywindows.com/landing/pressure-washing/boca-raton
Boca Raton,High Dusting,https://godlywindows.com/landing/high-dusting/boca-raton
Boca Raton,Light Fixture Cleaning,https://godlywindows.com/landing/light-fixture-cleaning/boca-raton
Boca Raton,Screen Cleaning,https://godlywindows.com/landing/screen-cleaning/boca-raton
Boca Raton,Skylight Cleaning,https://godlywindows.com/landing/skylight-cleaning/boca-raton
Boca Raton,Solar Panel Cleaning,https://godlywindows.com/landing/solar-panel-cleaning/boca-raton
Boca Raton,Paver Sealing,https://godlywindows.com/landing/paver-sealing/boca-raton
Weston,Exterior Window Cleaning,https://godlywindows.com/landing/exterior-window-cleaning/weston
Weston,Interior Window Cleaning,https://godlywindows.com/landing/interior-window-cleaning/weston
Weston,Gutter Cleaning,https://godlywindows.com/landing/gutter-cleaning/weston
Weston,House Washing,https://godlywindows.com/landing/house-washing/weston
Weston,Roof Washing,https://godlywindows.com/landing/roof-washing/weston
Weston,Pressure Washing,https://godlywindows.com/landing/pressure-washing/weston
Weston,High Dusting,https://godlywindows.com/landing/high-dusting/weston
Weston,Light Fixture Cleaning,https://godlywindows.com/landing/light-fixture-cleaning/weston
Weston,Screen Cleaning,https://godlywindows.com/landing/screen-cleaning/weston
Weston,Skylight Cleaning,https://godlywindows.com/landing/skylight-cleaning/weston
Weston,Solar Panel Cleaning,https://godlywindows.com/landing/solar-panel-cleaning/weston
Weston,Paver Sealing,https://godlywindows.com/landing/paver-sealing/weston
Coral Springs,Exterior Window Cleaning,https://godlywindows.com/landing/exterior-window-cleaning/coral-springs
Coral Springs,Interior Window Cleaning,https://godlywindows.com/landing/interior-window-cleaning/coral-springs
Coral Springs,Gutter Cleaning,https://godlywindows.com/landing/gutter-cleaning/coral-springs
Coral Springs,House Washing,https://godlywindows.com/landing/house-washing/coral-springs
Coral Springs,Roof Washing,https://godlywindows.com/landing/roof-washing/coral-springs
Coral Springs,Pressure Washing,https://godlywindows.com/landing/pressure-washing/coral-springs
Coral Springs,High Dusting,https://godlywindows.com/landing/high-dusting/coral-springs
Coral Springs,Light Fixture Cleaning,https://godlywindows.com/landing/light-fixture-cleaning/coral-springs
Coral Springs,Screen Cleaning,https://godlywindows.com/landing/screen-cleaning/coral-springs
Coral Springs,Skylight Cleaning,https://godlywindows.com/landing/skylight-cleaning/coral-springs
Coral Springs,Solar Panel Cleaning,https://godlywindows.com/landing/solar-panel-cleaning/coral-springs
Coral Springs,Paver Sealing,https://godlywindows.com/landing/paver-sealing/coral-springs
Davie,Exterior Window Cleaning,https://godlywindows.com/landing/exterior-window-cleaning/davie
Davie,Interior Window Cleaning,https://godlywindows.com/landing/interior-window-cleaning/davie
Davie,Gutter Cleaning,https://godlywindows.com/landing/gutter-cleaning/davie
Davie,House Washing,https://godlywindows.com/landing/house-washing/davie
Davie,Roof Washing,https://godlywindows.com/landing/roof-washing/davie
Davie,Pressure Washing,https://godlywindows.com/landing/pressure-washing/davie
Davie,High Dusting,https://godlywindows.com/landing/high-dusting/davie
Davie,Light Fixture Cleaning,https://godlywindows.com/landing/light-fixture-cleaning/davie
Davie,Screen Cleaning,https://godlywindows.com/landing/screen-cleaning/davie
Davie,Skylight Cleaning,https://godlywindows.com/landing/skylight-cleaning/davie
Davie,Solar Panel Cleaning,https://godlywindows.com/landing/solar-panel-cleaning/davie
Davie,Paver Sealing,https://godlywindows.com/landing/paver-sealing/davie
Deerfield Beach,Exterior Window Cleaning,https://godlywindows.com/landing/exterior-window-cleaning/deerfield-beach
Deerfield Beach,Interior Window Cleaning,https://godlywindows.com/landing/interior-window-cleaning/deerfield-beach
Deerfield Beach,Gutter Cleaning,https://godlywindows.com/landing/gutter-cleaning/deerfield-beach
Deerfield Beach,House Washing,https://godlywindows.com/landing/house-washing/deerfield-beach
Deerfield Beach,Roof Washing,https://godlywindows.com/landing/roof-washing/deerfield-beach
Deerfield Beach,Pressure Washing,https://godlywindows.com/landing/pressure-washing/deerfield-beach
Deerfield Beach,High Dusting,https://godlywindows.com/landing/high-dusting/deerfield-beach
Deerfield Beach,Light Fixture Cleaning,https://godlywindows.com/landing/light-fixture-cleaning/deerfield-beach
Deerfield Beach,Screen Cleaning,https://godlywindows.com/landing/screen-cleaning/deerfield-beach
Deerfield Beach,Skylight Cleaning,https://godlywindows.com/landing/skylight-cleaning/deerfield-beach
Deerfield Beach,Solar Panel Cleaning,https://godlywindows.com/landing/solar-panel-cleaning/deerfield-beach
Deerfield Beach,Paver Sealing,https://godlywindows.com/landing/paver-sealing/deerfield-beach
Delray Beach,Exterior Window Cleaning,https://godlywindows.com/landing/exterior-window-cleaning/delray-beach
Delray Beach,Interior Window Cleaning,https://godlywindows.com/landing/interior-window-cleaning/delray-beach
Delray Beach,Gutter Cleaning,https://godlywindows.com/landing/gutter-cleaning/delray-beach
Delray Beach,House Washing,https://godlywindows.com/landing/house-washing/delray-beach
Delray Beach,Roof Washing,https://godlywindows.com/landing/roof-washing/delray-beach
Delray Beach,Pressure Washing,https://godlywindows.com/landing/pressure-washing/delray-beach
Delray Beach,High Dusting,https://godlywindows.com/landing/high-dusting/delray-beach
Delray Beach,Light Fixture Cleaning,https://godlywindows.com/landing/light-fixture-cleaning/delray-beach
Delray Beach,Screen Cleaning,https://godlywindows.com/landing/screen-cleaning/delray-beach
Delray Beach,Skylight Cleaning,https://godlywindows.com/landing/skylight-cleaning/delray-beach
Delray Beach,Solar Panel Cleaning,https://godlywindows.com/landing/solar-panel-cleaning/delray-beach
Delray Beach,Paver Sealing,https://godlywindows.com/landing/paver-sealing/delray-beach
Hallandale Beach,Exterior Window Cleaning,https://godlywindows.com/landing/exterior-window-cleaning/hallandale-beach
Hallandale Beach,Interior Window Cleaning,https://godlywindows.com/landing/interior-window-cleaning/hallandale-beach
Hallandale Beach,Gutter Cleaning,https://godlywindows.com/landing/gutter-cleaning/hallandale-beach
Hallandale Beach,House Washing,https://godlywindows.com/landing/house-washing/hallandale-beach
Hallandale Beach,Roof Washing,https://godlywindows.com/landing/roof-washing/hallandale-beach
Hallandale Beach,Pressure Washing,https://godlywindows.com/landing/pressure-washing/hallandale-beach
Hallandale Beach,High Dusting,https://godlywindows.com/landing/high-dusting/hallandale-beach
Hallandale Beach,Light Fixture Cleaning,https://godlywindows.com/landing/light-fixture-cleaning/hallandale-beach
Hallandale Beach,Screen Cleaning,https://godlywindows.com/landing/screen-cleaning/hallandale-beach
Hallandale Beach,Skylight Cleaning,https://godlywindows.com/landing/skylight-cleaning/hallandale-beach
Hallandale Beach,Solar Panel Cleaning,https://godlywindows.com/landing/solar-panel-cleaning/hallandale-beach
Hallandale Beach,Paver Sealing,https://godlywindows.com/landing/paver-sealing/hallandale-beach
Hillsboro Beach,Exterior Window Cleaning,https://godlywindows.com/landing/exterior-window-cleaning/hillsboro-beach
Hillsboro Beach,Interior Window Cleaning,https://godlywindows.com/landing/interior-window-cleaning/hillsboro-beach
Hillsboro Beach,Gutter Cleaning,https://godlywindows.com/landing/gutter-cleaning/hillsboro-beach
Hillsboro Beach,House Washing,https://godlywindows.com/landing/house-washing/hillsboro-beach
Hillsboro Beach,Roof Washing,https://godlywindows.com/landing/roof-washing/hillsboro-beach
Hillsboro Beach,Pressure Washing,https://godlywindows.com/landing/pressure-washing/hillsboro-beach
Hillsboro Beach,High Dusting,https://godlywindows.com/landing/high-dusting/hillsboro-beach
Hillsboro Beach,Light Fixture Cleaning,https://godlywindows.com/landing/light-fixture-cleaning/hillsboro-beach
Hillsboro Beach,Screen Cleaning,https://godlywindows.com/landing/screen-cleaning/hillsboro-beach
Hillsboro Beach,Skylight Cleaning,https://godlywindows.com/landing/skylight-cleaning/hillsboro-beach
Hillsboro Beach,Solar Panel Cleaning,https://godlywindows.com/landing/solar-panel-cleaning/hillsboro-beach
Hillsboro Beach,Paver Sealing,https://godlywindows.com/landing/paver-sealing/hillsboro-beach
Hollywood,Exterior Window Cleaning,https://godlywindows.com/landing/exterior-window-cleaning/hollywood
Hollywood,Interior Window Cleaning,https://godlywindows.com/landing/interior-window-cleaning/hollywood
Hollywood,Gutter Cleaning,https://godlywindows.com/landing/gutter-cleaning/hollywood
Hollywood,House Washing,https://godlywindows.com/landing/house-washing/hollywood
Hollywood,Roof Washing,https://godlywindows.com/landing/roof-washing/hollywood
Hollywood,Pressure Washing,https://godlywindows.com/landing/pressure-washing/hollywood
Hollywood,High Dusting,https://godlywindows.com/landing/high-dusting/hollywood
Hollywood,Light Fixture Cleaning,https://godlywindows.com/landing/light-fixture-cleaning/hollywood
Hollywood,Screen Cleaning,https://godlywindows.com/landing/screen-cleaning/hollywood
Hollywood,Skylight Cleaning,https://godlywindows.com/landing/skylight-cleaning/hollywood
Hollywood,Solar Panel Cleaning,https://godlywindows.com/landing/solar-panel-cleaning/hollywood
Hollywood,Paver Sealing,https://godlywindows.com/landing/paver-sealing/hollywood
Lauderdale-by-the-Sea,Exterior Window Cleaning,https://godlywindows.com/landing/exterior-window-cleaning/lauderdale-by-the-sea
Lauderdale-by-the-Sea,Interior Window Cleaning,https://godlywindows.com/landing/interior-window-cleaning/lauderdale-by-the-sea
Lauderdale-by-the-Sea,Gutter Cleaning,https://godlywindows.com/landing/gutter-cleaning/lauderdale-by-the-sea
Lauderdale-by-the-Sea,House Washing,https://godlywindows.com/landing/house-washing/lauderdale-by-the-sea
Lauderdale-by-the-Sea,Roof Washing,https://godlywindows.com/landing/roof-washing/lauderdale-by-the-sea
Lauderdale-by-the-Sea,Pressure Washing,https://godlywindows.com/landing/pressure-washing/lauderdale-by-the-sea
Lauderdale-by-the-Sea,High Dusting,https://godlywindows.com/landing/high-dusting/lauderdale-by-the-sea
Lauderdale-by-the-Sea,Light Fixture Cleaning,https://godlywindows.com/landing/light-fixture-cleaning/lauderdale-by-the-sea
Lauderdale-by-the-Sea,Screen Cleaning,https://godlywindows.com/landing/screen-cleaning/lauderdale-by-the-sea
Lauderdale-by-the-Sea,Skylight Cleaning,https://godlywindows.com/landing/skylight-cleaning/lauderdale-by-the-sea
Lauderdale-by-the-Sea,Solar Panel Cleaning,https://godlywindows.com/landing/solar-panel-cleaning/lauderdale-by-the-sea
Lauderdale-by-the-Sea,Paver Sealing,https://godlywindows.com/landing/paver-sealing/lauderdale-by-the-sea
Lighthouse Point,Exterior Window Cleaning,https://godlywindows.com/landing/exterior-window-cleaning/lighthouse-point
Lighthouse Point,Interior Window Cleaning,https://godlywindows.com/landing/interior-window-cleaning/lighthouse-point
Lighthouse Point,Gutter Cleaning,https://godlywindows.com/landing/gutter-cleaning/lighthouse-point
Lighthouse Point,House Washing,https://godlywindows.com/landing/house-washing/lighthouse-point
Lighthouse Point,Roof Washing,https://godlywindows.com/landing/roof-washing/lighthouse-point
Lighthouse Point,Pressure Washing,https://godlywindows.com/landing/pressure-washing/lighthouse-point
Lighthouse Point,High Dusting,https://godlywindows.com/landing/high-dusting/lighthouse-point
Lighthouse Point,Light Fixture Cleaning,https://godlywindows.com/landing/light-fixture-cleaning/lighthouse-point
Lighthouse Point,Screen Cleaning,https://godlywindows.com/landing/screen-cleaning/lighthouse-point
Lighthouse Point,Skylight Cleaning,https://godlywindows.com/landing/skylight-cleaning/lighthouse-point
Lighthouse Point,Solar Panel Cleaning,https://godlywindows.com/landing/solar-panel-cleaning/lighthouse-point
Lighthouse Point,Paver Sealing,https://godlywindows.com/landing/paver-sealing/lighthouse-point
Margate,Exterior Window Cleaning,https://godlywindows.com/landing/exterior-window-cleaning/margate
Margate,Interior Window Cleaning,https://godlywindows.com/landing/interior-window-cleaning/margate
Margate,Gutter Cleaning,https://godlywindows.com/landing/gutter-cleaning/margate
Margate,House Washing,https://godlywindows.com/landing/house-washing/margate
Margate,Roof Washing,https://godlywindows.com/landing/roof-washing/margate
Margate,Pressure Washing,https://godlywindows.com/landing/pressure-washing/margate
Margate,High Dusting,https://godlywindows.com/landing/high-dusting/margate
Margate,Light Fixture Cleaning,https://godlywindows.com/landing/light-fixture-cleaning/margate
Margate,Screen Cleaning,https://godlywindows.com/landing/screen-cleaning/margate
Margate,Skylight Cleaning,https://godlywindows.com/landing/skylight-cleaning/margate
Margate,Solar Panel Cleaning,https://godlywindows.com/landing/solar-panel-cleaning/margate
Margate,Paver Sealing,https://godlywindows.com/landing/paver-sealing/margate
Miramar,Exterior Window Cleaning,https://godlywindows.com/landing/exterior-window-cleaning/miramar
Miramar,Interior Window Cleaning,https://godlywindows.com/landing/interior-window-cleaning/miramar
Miramar,Gutter Cleaning,https://godlywindows.com/landing/gutter-cleaning/miramar
Miramar,House Washing,https://godlywindows.com/landing/house-washing/miramar
Miramar,Roof Washing,https://godlywindows.com/landing/roof-washing/miramar
Miramar,Pressure Washing,https://godlywindows.com/landing/pressure-washing/miramar
Miramar,High Dusting,https://godlywindows.com/landing/high-dusting/miramar
Miramar,Light Fixture Cleaning,https://godlywindows.com/landing/light-fixture-cleaning/miramar
Miramar,Screen Cleaning,https://godlywindows.com/landing/screen-cleaning/miramar
Miramar,Skylight Cleaning,https://godlywindows.com/landing/skylight-cleaning/miramar
Miramar,Solar Panel Cleaning,https://godlywindows.com/landing/solar-panel-cleaning/miramar
Miramar,Paver Sealing,https://godlywindows.com/landing/paver-sealing/miramar
Oakland Park,Exterior Window Cleaning,https://godlywindows.com/landing/exterior-window-cleaning/oakland-park
Oakland Park,Interior Window Cleaning,https://godlywindows.com/landing/interior-window-cleaning/oakland-park
Oakland Park,Gutter Cleaning,https://godlywindows.com/landing/gutter-cleaning/oakland-park
Oakland Park,House Washing,https://godlywindows.com/landing/house-washing/oakland-park
Oakland Park,Roof Washing,https://godlywindows.com/landing/roof-washing/oakland-park
Oakland Park,Pressure Washing,https://godlywindows.com/landing/pressure-washing/oakland-park
Oakland Park,High Dusting,https://godlywindows.com/landing/high-dusting/oakland-park
Oakland Park,Light Fixture Cleaning,https://godlywindows.com/landing/light-fixture-cleaning/oakland-park
Oakland Park,Screen Cleaning,https://godlywindows.com/landing/screen-cleaning/oakland-park
Oakland Park,Skylight Cleaning,https://godlywindows.com/landing/skylight-cleaning/oakland-park
Oakland Park,Solar Panel Cleaning,https://godlywindows.com/landing/solar-panel-cleaning/oakland-park
Oakland Park,Paver Sealing,https://godlywindows.com/landing/paver-sealing/oakland-park
Parkland,Exterior Window Cleaning,https://godlywindows.com/landing/exterior-window-cleaning/parkland
Parkland,Interior Window Cleaning,https://godlywindows.com/landing/interior-window-cleaning/parkland
Parkland,Gutter Cleaning,https://godlywindows.com/landing/gutter-cleaning/parkland
Parkland,House Washing,https://godlywindows.com/landing/house-washing/parkland
Parkland,Roof Washing,https://godlywindows.com/landing/roof-washing/parkland
Parkland,Pressure Washing,https://godlywindows.com/landing/pressure-washing/parkland
Parkland,High Dusting,https://godlywindows.com/landing/high-dusting/parkland
Parkland,Light Fixture Cleaning,https://godlywindows.com/landing/light-fixture-cleaning/parkland
Parkland,Screen Cleaning,https://godlywindows.com/landing/screen-cleaning/parkland
Parkland,Skylight Cleaning,https://godlywindows.com/landing/skylight-cleaning/parkland
Parkland,Solar Panel Cleaning,https://godlywindows.com/landing/solar-panel-cleaning/parkland
Parkland,Paver Sealing,https://godlywindows.com/landing/paver-sealing/parkland
Pembroke Pines,Exterior Window Cleaning,https://godlywindows.com/landing/exterior-window-cleaning/pembroke-pines
Pembroke Pines,Interior Window Cleaning,https://godlywindows.com/landing/interior-window-cleaning/pembroke-pines
Pembroke Pines,Gutter Cleaning,https://godlywindows.com/landing/gutter-cleaning/pembroke-pines
Pembroke Pines,House Washing,https://godlywindows.com/landing/house-washing/pembroke-pines
Pembroke Pines,Roof Washing,https://godlywindows.com/landing/roof-washing/pembroke-pines
Pembroke Pines,Pressure Washing,https://godlywindows.com/landing/pressure-washing/pembroke-pines
Pembroke Pines,High Dusting,https://godlywindows.com/landing/high-dusting/pembroke-pines
Pembroke Pines,Light Fixture Cleaning,https://godlywindows.com/landing/light-fixture-cleaning/pembroke-pines
Pembroke Pines,Screen Cleaning,https://godlywindows.com/landing/screen-cleaning/pembroke-pines
Pembroke Pines,Skylight Cleaning,https://godlywindows.com/landing/skylight-cleaning/pembroke-pines
Pembroke Pines,Solar Panel Cleaning,https://godlywindows.com/landing/solar-panel-cleaning/pembroke-pines
Pembroke Pines,Paver Sealing,https://godlywindows.com/landing/paver-sealing/pembroke-pines
Plantation,Exterior Window Cleaning,https://godlywindows.com/landing/exterior-window-cleaning/plantation
Plantation,Interior Window Cleaning,https://godlywindows.com/landing/interior-window-cleaning/plantation
Plantation,Gutter Cleaning,https://godlywindows.com/landing/gutter-cleaning/plantation
Plantation,House Washing,https://godlywindows.com/landing/house-washing/plantation
Plantation,Roof Washing,https://godlywindows.com/landing/roof-washing/plantation
Plantation,Pressure Washing,https://godlywindows.com/landing/pressure-washing/plantation
Plantation,High Dusting,https://godlywindows.com/landing/high-dusting/plantation
Plantation,Light Fixture Cleaning,https://godlywindows.com/landing/light-fixture-cleaning/plantation
Plantation,Screen Cleaning,https://godlywindows.com/landing/screen-cleaning/plantation
Plantation,Skylight Cleaning,https://godlywindows.com/landing/skylight-cleaning/plantation
Plantation,Solar Panel Cleaning,https://godlywindows.com/landing/solar-panel-cleaning/plantation
Plantation,Paver Sealing,https://godlywindows.com/landing/paver-sealing/plantation
Pompano Beach,Exterior Window Cleaning,https://godlywindows.com/landing/exterior-window-cleaning/pompano-beach
Pompano Beach,Interior Window Cleaning,https://godlywindows.com/landing/interior-window-cleaning/pompano-beach
Pompano Beach,Gutter Cleaning,https://godlywindows.com/landing/gutter-cleaning/pompano-beach
Pompano Beach,House Washing,https://godlywindows.com/landing/house-washing/pompano-beach
Pompano Beach,Roof Washing,https://godlywindows.com/landing/roof-washing/pompano-beach
Pompano Beach,Pressure Washing,https://godlywindows.com/landing/pressure-washing/pompano-beach
Pompano Beach,High Dusting,https://godlywindows.com/landing/high-dusting/pompano-beach
Pompano Beach,Light Fixture Cleaning,https://godlywindows.com/landing/light-fixture-cleaning/pompano-beach
Pompano Beach,Screen Cleaning,https://godlywindows.com/landing/screen-cleaning/pompano-beach
Pompano Beach,Skylight Cleaning,https://godlywindows.com/landing/skylight-cleaning/pompano-beach
Pompano Beach,Solar Panel Cleaning,https://godlywindows.com/landing/solar-panel-cleaning/pompano-beach
Pompano Beach,Paver Sealing,https://godlywindows.com/landing/paver-sealing/pompano-beach
Royal Palm Beach,Exterior Window Cleaning,https://godlywindows.com/landing/exterior-window-cleaning/royal-palm-beach
Royal Palm Beach,Interior Window Cleaning,https://godlywindows.com/landing/interior-window-cleaning/royal-palm-beach
Royal Palm Beach,Gutter Cleaning,https://godlywindows.com/landing/gutter-cleaning/royal-palm-beach
Royal Palm Beach,House Washing,https://godlywindows.com/landing/house-washing/royal-palm-beach
Royal Palm Beach,Roof Washing,https://godlywindows.com/landing/roof-washing/royal-palm-beach
Royal Palm Beach,Pressure Washing,https://godlywindows.com/landing/pressure-washing/royal-palm-beach
Royal Palm Beach,High Dusting,https://godlywindows.com/landing/high-dusting/royal-palm-beach
Royal Palm Beach,Light Fixture Cleaning,https://godlywindows.com/landing/light-fixture-cleaning/royal-palm-beach
Royal Palm Beach,Screen Cleaning,https://godlywindows.com/landing/screen-cleaning/royal-palm-beach
Royal Palm Beach,Skylight Cleaning,https://godlywindows.com/landing/skylight-cleaning/royal-palm-beach
Royal Palm Beach,Solar Panel Cleaning,https://godlywindows.com/landing/solar-panel-cleaning/royal-palm-beach
Royal Palm Beach,Paver Sealing,https://godlywindows.com/landing/paver-sealing/royal-palm-beach
Southwest Ranches,Exterior Window Cleaning,https://godlywindows.com/landing/exterior-window-cleaning/southwest-ranches
Southwest Ranches,Interior Window Cleaning,https://godlywindows.com/landing/interior-window-cleaning/southwest-ranches
Southwest Ranches,Gutter Cleaning,https://godlywindows.com/landing/gutter-cleaning/southwest-ranches
Southwest Ranches,House Washing,https://godlywindows.com/landing/house-washing/southwest-ranches
Southwest Ranches,Roof Washing,https://godlywindows.com/landing/roof-washing/southwest-ranches
Southwest Ranches,Pressure Washing,https://godlywindows.com/landing/pressure-washing/southwest-ranches
Southwest Ranches,High Dusting,https://godlywindows.com/landing/high-dusting/southwest-ranches
Southwest Ranches,Light Fixture Cleaning,https://godlywindows.com/landing/light-fixture-cleaning/southwest-ranches
Southwest Ranches,Screen Cleaning,https://godlywindows.com/landing/screen-cleaning/southwest-ranches
Southwest Ranches,Skylight Cleaning,https://godlywindows.com/landing/skylight-cleaning/southwest-ranches
Southwest Ranches,Solar Panel Cleaning,https://godlywindows.com/landing/solar-panel-cleaning/southwest-ranches
Southwest Ranches,Paver Sealing,https://godlywindows.com/landing/paver-sealing/southwest-ranches
Sunrise,Exterior Window Cleaning,https://godlywindows.com/landing/exterior-window-cleaning/sunrise
Sunrise,Interior Window Cleaning,https://godlywindows.com/landing/interior-window-cleaning/sunrise
Sunrise,Gutter Cleaning,https://godlywindows.com/landing/gutter-cleaning/sunrise
Sunrise,House Washing,https://godlywindows.com/landing/house-washing/sunrise
Sunrise,Roof Washing,https://godlywindows.com/landing/roof-washing/sunrise
Sunrise,Pressure Washing,https://godlywindows.com/landing/pressure-washing/sunrise
Sunrise,High Dusting,https://godlywindows.com/landing/high-dusting/sunrise
Sunrise,Light Fixture Cleaning,https://godlywindows.com/landing/light-fixture-cleaning/sunrise
Sunrise,Screen Cleaning,https://godlywindows.com/landing/screen-cleaning/sunrise
Sunrise,Skylight Cleaning,https://godlywindows.com/landing/skylight-cleaning/sunrise
Sunrise,Solar Panel Cleaning,https://godlywindows.com/landing/solar-panel-cleaning/sunrise
Sunrise,Paver Sealing,https://godlywindows.com/landing/paver-sealing/sunrise
Tamarac,Exterior Window Cleaning,https://godlywindows.com/landing/exterior-window-cleaning/tamarac
Tamarac,Interior Window Cleaning,https://godlywindows.com/landing/interior-window-cleaning/tamarac
Tamarac,Gutter Cleaning,https://godlywindows.com/landing/gutter-cleaning/tamarac
Tamarac,House Washing,https://godlywindows.com/landing/house-washing/tamarac
Tamarac,Roof Washing,https://godlywindows.com/landing/roof-washing/tamarac
Tamarac,Pressure Washing,https://godlywindows.com/landing/pressure-washing/tamarac
Tamarac,High Dusting,https://godlywindows.com/landing/high-dusting/tamarac
Tamarac,Light Fixture Cleaning,https://godlywindows.com/landing/light-fixture-cleaning/tamarac
Tamarac,Screen Cleaning,https://godlywindows.com/landing/screen-cleaning/tamarac
Tamarac,Skylight Cleaning,https://godlywindows.com/landing/skylight-cleaning/tamarac
Tamarac,Solar Panel Cleaning,https://godlywindows.com/landing/solar-panel-cleaning/tamarac
Tamarac,Paver Sealing,https://godlywindows.com/landing/paver-sealing/tamarac
Coconut Creek,Exterior Window Cleaning,https://godlywindows.com/landing/exterior-window-cleaning/coconut-creek
Coconut Creek,Interior Window Cleaning,https://godlywindows.com/landing/interior-window-cleaning/coconut-creek
Coconut Creek,Gutter Cleaning,https://godlywindows.com/landing/gutter-cleaning/coconut-creek
Coconut Creek,House Washing,https://godlywindows.com/landing/house-washing/coconut-creek
Coconut Creek,Roof Washing,https://godlywindows.com/landing/roof-washing/coconut-creek
Coconut Creek,Pressure Washing,https://godlywindows.com/landing/pressure-washing/coconut-creek
Coconut Creek,High Dusting,https://godlywindows.com/landing/high-dusting/coconut-creek
Coconut Creek,Light Fixture Cleaning,https://godlywindows.com/landing/light-fixture-cleaning/coconut-creek
Coconut Creek,Screen Cleaning,https://godlywindows.com/landing/screen-cleaning/coconut-creek
Coconut Creek,Skylight Cleaning,https://godlywindows.com/landing/skylight-cleaning/coconut-creek
Coconut Creek,Solar Panel Cleaning,https://godlywindows.com/landing/solar-panel-cleaning/coconut-creek
Coconut Creek,Paver Sealing,https://godlywindows.com/landing/paver-sealing/coconut-creek
Cooper City,Exterior Window Cleaning,https://godlywindows.com/landing/exterior-window-cleaning/cooper-city
Cooper City,Interior Window Cleaning,https://godlywindows.com/landing/interior-window-cleaning/cooper-city
Cooper City,Gutter Cleaning,https://godlywindows.com/landing/gutter-cleaning/cooper-city
Cooper City,House Washing,https://godlywindows.com/landing/house-washing/cooper-city
Cooper City,Roof Washing,https://godlywindows.com/landing/roof-washing/cooper-city
Cooper City,Pressure Washing,https://godlywindows.com/landing/pressure-washing/cooper-city
Cooper City,High Dusting,https://godlywindows.com/landing/high-dusting/cooper-city
Cooper City,Light Fixture Cleaning,https://godlywindows.com/landing/light-fixture-cleaning/cooper-city
Cooper City,Screen Cleaning,https://godlywindows.com/landing/screen-cleaning/cooper-city
Cooper City,Skylight Cleaning,https://godlywindows.com/landing/skylight-cleaning/cooper-city
Cooper City,Solar Panel Cleaning,https://godlywindows.com/landing/solar-panel-cleaning/cooper-city
Cooper City,Paver Sealing,https://godlywindows.com/landing/paver-sealing/cooper-city
West Park,Exterior Window Cleaning,https://godlywindows.com/landing/exterior-window-cleaning/west-park
West Park,Interior Window Cleaning,https://godlywindows.com/landing/interior-window-cleaning/west-park
West Park,Gutter Cleaning,https://godlywindows.com/landing/gutter-cleaning/west-park
West Park,House Washing,https://godlywindows.com/landing/house-washing/west-park
West Park,Roof Washing,https://godlywindows.com/landing/roof-washing/west-park
West Park,Pressure Washing,https://godlywindows.com/landing/pressure-washing/west-park
West Park,High Dusting,https://godlywindows.com/landing/high-dusting/west-park
West Park,Light Fixture Cleaning,https://godlywindows.com/landing/light-fixture-cleaning/west-park
West Park,Screen Cleaning,https://godlywindows.com/landing/screen-cleaning/west-park
West Park,Skylight Cleaning,https://godlywindows.com/landing/skylight-cleaning/west-park
West Park,Solar Panel Cleaning,https://godlywindows.com/landing/solar-panel-cleaning/west-park
West Park,Paver Sealing,https://godlywindows.com/landing/paver-sealing/west-park
